increment,specimen,d13C,d18O,measure
1,CHP01,-9.628,-10.131,30.1
2,CHP01,-9.737,-10.76,27.3
3,CHP01,-9.828999999999999,-10.322,24.6
4,CHP01,-9.783,-9.52,21.9
5,CHP01,-9.628,-7.798,19.4
6,CHP01,-9.613,-5.051,16.7
6,CHP01,-9.64,-4.791,16.7
7,CHP01,-9.953999999999999,-3.258,14.4
8,CHP01,-10.024,-1.134,11.9
9,CHP01,-10.113999999999999,-0.654,9.7
9,CHP01,-10.005,-0.5219999999999999,9.7
10,CHP01,-10.044,-0.562,7.2
11,CHP01,-9.629,-1.171,4.6
