increment,specimen,d13C,d18O,measure
1,CHP09,-9.516,-7.2589999999999995,22.2
2,CHP09,-9.533,-8.387,19.7
3,CHP09,-9.445,-8.613,17
4,CHP09,-9.6,-7.037,14.5
5,CHP09,-9.706,-4.869,12.2
6,CHP09,-9.727,-2.957,10.1
6,CHP09,-9.551,-2.474,10.1
7,CHP09,-9.799000000000001,-0.283,7.9
8,CHP09,-9.748,-0.269,6.1
9,CHP09,-9.223,-2.487,4.2
10,CHP09,-8.377,-4.958,2
