increment,specimen,d13C,d18O,measure
1,CHP05,-9.613999999999999,-7.157,21.4
2,CHP05,-10.129,-5.13,18.5
3,CHP05,-10.392999999999999,-3.205,15.8
4,CHP05,-10.344,-2.325,12.7
4,CHP05,-10.205,-2.318,12.7
5,CHP05,-9.564,-3.447,9.8
6,CHP05,-9.062999999999999,-6.3069999999999995,6.9
7,CHP05,-8.84,-9.955,4
