increment,specimen,d13C,d18O,measure
1,CHP03,-8.537999999999998,-9.557,27.1
2,CHP03,-8.501999999999999,-9.402,24.1
3,CHP03,-8.982999999999999,-8.404,21.2
4,CHP03,-9.446,-6.026,18.4
5,CHP03,-9.997,-2.605,15.4
5,CHP03,-9.928,-2.389,15.4
6,CHP03,-10.165999999999999,-1.752,13
7,CHP03,-9.548,-3.178,10
8,CHP03,-8.712,-5.659,7.4
