increment,specimen,d13C,d18O,measure
1,CHP02,-7.146,-6.604,34.2
2,CHP02,-6.994999999999999,-7.926,31.5
3,CHP02,-7.096,-9.456,28.7
4,CHP02,-7.103,-10.359,25.9
5,CHP02,-7.510999999999999,-10.744,23
6,CHP02,-7.85,-10.362,20.5
6,CHP02,-7.87,-10.093,20.5
7,CHP02,-8.26,-8.105,17.8
8,CHP02,-8.771999999999998,-6.419,15.1
9,CHP02,-9.394,-3.021,12.5
9,CHP02,-9.267000000000001,-3.367,12.5
10,CHP02,-9.767,-1.486,10.1
11,CHP02,-9.739999999999998,-1.197,8.2
