increment,specimen,d13C,d18O,measure
1,CHP08,-8.81,-8.433,31.7
2,CHP08,-8.606,-8.942,29.2
3,CHP08,-8.658000000000001,-8.704,26.7
3,CHP08,-8.773,-8.953000000000001,26.7
4,CHP08,-8.662,-7.699999999999999,24
5,CHP08,-8.904,-6.6899999999999995,21.5
6,CHP08,-9.244,-5.124,19.1
7,CHP08,-9.683,-3.2520000000000002,16.5
8,CHP08,-10.217,-1.711,14.1
9,CHP08,-10.503,-1.113,12.1
10,CHP08,-10.533,-0.834,10.1
