increment,specimen,d13C,d18O,measure
1,CHP07,-10.469000000000001,-0.251,23.9
1,CHP07,-10.357000000000001,-0.103,23.9
2,CHP07,-9.601,-0.314,21.5
3,CHP07,-9.257,-1.8,19.2
4,CHP07,-8.865,-2.539,16.4
5,CHP07,-8.65,-4.268,14.2
6,CHP07,-8.363,-6.098,11.7
7,CHP07,-8.415,-7.748,9.6
8,CHP07,-8.627,-9.008,6.7
9,CHP07,-9.1,-8.161,4.2
