increment,specimen,d13C,d18O,measure
1,CHP10,-8.976,-8.646,17.9
2,CHP10,-9.13,-6.763,15.4
3,CHP10,-9.304,-4.523,13
4,CHP10,-9.424000000000001,-2.461,10.2
4,CHP10,-9.308,-2.222,10.2
5,CHP10,-9.351,-0.26,7.8
6,CHP10,-9.604000000000001,-1.128,5.4
7,CHP10,-9.432,-3.598,2.7
