increment,specimen,d13C,d18O,measure
1,IBX02,-10.034,-10.718,39.5
2,IBX02,-10.419,-8.543,37
3,IBX02,-10.809000000000001,-6.303,34
4,IBX02,-11.126000000000001,-3.781,31.3
5,IBX02,-11.311,-2.593,28.1
5,IBX02,-11.316,-2.5900000000000003,28.1
6,IBX02,-10.949,-3.85,25.2
7,IBX02,-10.795,-5.25,22.5
8,IBX02,-10.305000000000001,-7.62,20
9,IBX02,-10.146,-9.943,17
10,IBX02,-10.302000000000001,-10.322,14.3
10,IBX02,-10.41,-10.385,14.3
11,IBX02,-10.564,-8.334,11.8
12,IBX02,-11.246,-4.668,8.5
