increment,specimen,d13C,d18O,measure
1,IBX01,-11.827,-4.653,30.8
2,IBX01,-11.862,-3.932,27.9
3,IBX01,-11.154,-5.153,25.1
4,IBX01,-10.711,-6.991,22.1
5,IBX01,-10.236,-10.038,19.3
6,IBX01,-9.985000000000001,-12.575,16.7
7,IBX01,-10,-10.99,14.3
8,IBX01,-10.594000000000001,-8.157,11.5
9,IBX01,-11.200000000000001,-4.106999999999999,8.7
9,IBX01,-11.203000000000001,-4.191,8.7
10,IBX01,-10.908,-5.433999999999999,6
